{
  "AUC_weighted": 0.627224632747521,
  "Accuracy_weighted_thr0.5": 0.7197690941649164
}