{
  "target": "SUTRTPY",
  "AUC_weighted": 0.7904176548736045,
  "Accuracy_weighted_thr0.5": 0.9506065272653831,
  "N_train": 33849,
  "N_test": 11284
}