{
  "target": "SUTRTPY",
  "AUC_weighted": 0.7819500719289145,
  "Accuracy_weighted_thr0.5": 0.956991689763942,
  "N_train": 42528,
  "N_test": 14177
}