{
  "target": "TELEAPTYR",
  "AUC_weighted": 0.614069510006995,
  "Accuracy_weighted_thr0.5": 0.7188025338016563,
  "N_train": 41716,
  "N_test": 13906
}