{
  "AUC_weighted": 0.759782478510319,
  "Accuracy_weighted_thr0.5": 0.9565976880400854
}