{
  "best_group_reg": 0.0001519911082952933,
  "AUC_weighted": 0.7585816008508615,
  "Accuracy_weighted_thr0.5": 0.7655042137552462
}