{
  "best_group_reg": 1e-06,
  "AUC_weighted": 0.7011160124154181,
  "Accuracy_weighted_thr0.5": 0.6842919076805312
}