{
  "AUC_weighted": 0.701067618855469,
  "Accuracy_weighted_thr0.5": 0.775322637525896
}