{
  "AUC_weighted": 0.6995642978155063,
  "Accuracy_weighted_thr0.5": 0.7760796421614017
}