{
  "AUC_weighted": 0.7010666765716124,
  "Accuracy_weighted_thr0.5": 0.7753234698452177
}