{
  "AUC_weighted": 0.7597419138428267,
  "Accuracy_weighted_thr0.5": 0.9564371682336212
}