{
  "AUC_weighted": 0.7598079139337077,
  "Accuracy_weighted_thr0.5": 0.9565976880400854
}