{
  "AUC_weighted": 0.7597420951894898,
  "Accuracy_weighted_thr0.5": 0.9564371682336212
}