{
  "AUC_weighted": 0.7597945400675323,
  "Accuracy_weighted_thr0.5": 0.9565976880400854
}