{
  "target": "MHTRTPY",
  "AUC_weighted": 0.7494178641671179,
  "Accuracy_weighted_thr0.5": 0.7966918182107439,
  "N_train": 33849,
  "N_test": 11284
}