{
  "target": "MHTRTPY",
  "AUC_weighted": 0.7262056498943519,
  "Accuracy_weighted_thr0.5": 0.785085738317263,
  "N_train": 42528,
  "N_test": 14177
}