{
  "target": "MHTRTPY",
  "AUC_weighted": 0.7311283109085803,
  "Accuracy_weighted_thr0.5": 0.7859805609808241,
  "N_train": 42528,
  "N_test": 14177
}