{
  "AUC_weighted": 0.5,
  "Accuracy_weighted_thr0.5": 0.9567787828590388,
  "best_alpha": 0.14091060289233487,
  "l1_ratio": 0.0
}