{
  "best_group_reg": 5.336699231206313e-06,
  "AUC_weighted": 0.7353887853205442,
  "Accuracy_weighted_thr0.5": 0.7273875504440308
}